<?xml version="1.0"?>
<doc>
    <assembly>
        <name>System.Diagnostics.EventLog</name>
    </assembly>
    <members>
        <member name="P:System.SR.BadLogName">
            <summary>Event log names must consist of printable characters and cannot contain \\, *, ?, or spaces</summary>
        </member>
        <member name="P:System.SR.CannotDeleteEqualSource">
            <summary>The event log source '{0}' cannot be deleted, because it's equal to the log name.</summary>
        </member>
        <member name="P:System.SR.CantMonitorEventLog">
            <summary>Cannot monitor EntryWritten events for this EventLog. This might be because the EventLog is on a remote machine which is not a supported scenario.</summary>
        </member>
        <member name="P:System.SR.CantOpenLog">
            <summary>Cannot open log {0} on computer '{1}'. {2}</summary>
        </member>
        <member name="P:System.SR.CantOpenLogAccess">
            <summary>Cannot open log for source '{0}'. You may not have write access.</summary>
        </member>
        <member name="P:System.SR.CantReadLogEntryAt">
            <summary>Cannot read log entry number {0}.  The event log may be corrupt.</summary>
        </member>
        <member name="P:System.SR.CantRetrieveEntries">
            <summary>Cannot retrieve all entries.</summary>
        </member>
        <member name="P:System.SR.EventID">
            <summary>Invalid eventID value '{0}'. It must be in the range between '{1}' and '{2}'.</summary>
        </member>
        <member name="P:System.SR.IndexOutOfBounds">
            <summary>Index {0} is out of bounds.</summary>
        </member>
        <member name="P:System.SR.InitTwice">
            <summary>Cannot initialize the same object twice.</summary>
        </member>
        <member name="P:System.SR.InvalidCustomerLogName">
            <summary>The log name: '{0}' is invalid for customer log creation.</summary>
        </member>
        <member name="P:System.SR.InvalidParameter">
            <summary>Invalid value '{1}' for parameter '{0}'.</summary>
        </member>
        <member name="P:System.SR.InvalidParameterFormat">
            <summary>Invalid format for argument {0}.</summary>
        </member>
        <member name="P:System.SR.LocalLogAlreadyExistsAsSource">
            <summary>Log {0} has already been registered as a source on the local computer.</summary>
        </member>
        <member name="P:System.SR.LocalRegKeyMissing">
            <summary>Cannot open registry key {0}\\{1}\\{2}.</summary>
        </member>
        <member name="P:System.SR.LocalSourceAlreadyExists">
            <summary>Source {0} already exists on the local computer.</summary>
        </member>
        <member name="P:System.SR.LocalSourceNotRegistered">
            <summary>Source {0} is not registered on the local computer.</summary>
        </member>
        <member name="P:System.SR.LogDoesNotExists">
            <summary>The event log '{0}' on computer '{1}' does not exist.</summary>
        </member>
        <member name="P:System.SR.LogEntryTooLong">
            <summary>Log entry string is too long. A string written to the event log cannot exceed 32766 characters.</summary>
        </member>
        <member name="P:System.SR.LogSourceMismatch">
            <summary>The source '{0}' is not registered in log '{1}'. (It is registered in log '{2}'.) " The Source and Log properties must be matched, or you may set Log to the empty string, and it will automatically be matched to the Source property.NoAccountInfo=Cannot obta ...</summary>
        </member>
        <member name="P:System.SR.MaximumKilobytesOutOfRange">
            <summary>MaximumKilobytes must be between 64 KB and 4 GB, and must be in 64K increments.</summary>
        </member>
        <member name="P:System.SR.MessageNotFormatted">
            <summary>The description for Event ID '{0}' in Source '{1}' cannot be found.  The local computer may not have the necessary registry information or message DLL files to display the message, or you may not have permission to access them.  The following information i ...</summary>
        </member>
        <member name="P:System.SR.MissingLog">
            <summary>Cannot find Log {0} on computer '{1}'.</summary>
        </member>
        <member name="P:System.SR.MissingLogProperty">
            <summary>Log property value has not been specified.</summary>
        </member>
        <member name="P:System.SR.MissingParameter">
            <summary>Must specify value for {0}.</summary>
        </member>
        <member name="P:System.SR.NeedSourceToOpen">
            <summary>Source property was not set before opening the event log in write mode.</summary>
        </member>
        <member name="P:System.SR.NeedSourceToWrite">
            <summary>Source property was not set before writing to the event log.</summary>
        </member>
        <member name="P:System.SR.NoCurrentEntry">
            <summary>No current EventLog entry available, cursor is located before the first or after the last element of the enumeration.</summary>
        </member>
        <member name="P:System.SR.NoLogName">
            <summary>Log to delete was not specified.</summary>
        </member>
        <member name="P:System.SR.ParameterTooLong">
            <summary>The size of {0} is too big. It cannot be longer than {1} characters.</summary>
        </member>
        <member name="P:System.SR.PlatformNotSupported_EventLog">
            <summary>EventLog access is not supported on this platform.</summary>
        </member>
        <member name="P:System.SR.RegKeyMissing">
            <summary>Cannot open registry key {0}\\{1}\\{2} on computer '{3}'.</summary>
        </member>
        <member name="P:System.SR.RegKeyMissingShort">
            <summary>Cannot open registry key {0} on computer {1}.</summary>
        </member>
        <member name="P:System.SR.RegKeyNoAccess">
            <summary>Cannot open registry key {0} on computer {1}. You might not have access.</summary>
        </member>
        <member name="P:System.SR.RentionDaysOutOfRange">
            <summary>'retentionDays' must be between 1 and 365 days.</summary>
        </member>
        <member name="P:System.SR.SomeLogsInaccessible">
            <summary>The source was not found, but some or all event logs could not be searched.  Inaccessible logs: {0}.</summary>
        </member>
        <member name="P:System.SR.SomeLogsInaccessibleToCreate">
            <summary>The source was not found, but some or all event logs could not be searched.  To create the source, you need permission to read all event logs to make sure that the new source name is unique.  Inaccessible logs: {0}.</summary>
        </member>
        <member name="P:System.SR.SourceAlreadyExists">
            <summary>Source {0} already exists on the computer '{1}'.</summary>
        </member>
        <member name="P:System.SR.SourceNotRegistered">
            <summary>The source '{0}' is not registered on machine '{1}', or you do not have write access to the {2} registry key.</summary>
        </member>
        <member name="P:System.SR.TooManyReplacementStrings">
            <summary>The maximum allowed number of replacement strings is 255.</summary>
        </member>
        <member name="P:System.SR.LogAlreadyExistsAsSource">
            <summary>Log {0} has already been registered as a source on the local computer.</summary>
        </member>
        <member name="T:System.Runtime.InteropServices.LibraryImportAttribute">
            <summary>
            Attribute used to indicate a source generator should create a function for marshalling
            arguments instead of relying on the runtime to generate an equivalent marshalling function at run-time.
            </summary>
            <remarks>
            This attribute is meaningless if the source generator associated with it is not enabled.
            The current built-in source generator only supports C# and only supplies an implementation when
            applied to static, partial, non-generic methods.
            </remarks>
        </member>
        <member name="M:System.Runtime.InteropServices.LibraryImportAttribute.#ctor(System.String)">
            <summary>
            Initializes a new instance of the <see cref="T:System.Runtime.InteropServices.LibraryImportAttribute"/>.
            </summary>
            <param name="libraryName">Name of the library containing the import.</param>
        </member>
        <member name="P:System.Runtime.InteropServices.LibraryImportAttribute.LibraryName">
            <summary>
            Gets the name of the library containing the import.
            </summary>
        </member>
        <member name="P:System.Runtime.InteropServices.LibraryImportAttribute.EntryPoint">
            <summary>
            Gets or sets the name of the entry point to be called.
            </summary>
        </member>
        <member name="P:System.Runtime.InteropServices.LibraryImportAttribute.StringMarshalling">
            <summary>
            Gets or sets how to marshal string arguments to the method.
            </summary>
            <remarks>
            If this field is set to a value other than <see cref="F:System.Runtime.InteropServices.StringMarshalling.Custom" />,
            <see cref="P:System.Runtime.InteropServices.LibraryImportAttribute.StringMarshallingCustomType" /> must not be specified.
            </remarks>
        </member>
        <member name="P:System.Runtime.InteropServices.LibraryImportAttribute.StringMarshallingCustomType">
            <summary>
            Gets or sets the <see cref="T:System.Type"/> used to control how string arguments to the method are marshalled.
            </summary>
            <remarks>
            If this field is specified, <see cref="P:System.Runtime.InteropServices.LibraryImportAttribute.StringMarshalling" /> must not be specified
            or must be set to <see cref="F:System.Runtime.InteropServices.StringMarshalling.Custom" />.
            </remarks>
        </member>
        <member name="P:System.Runtime.InteropServices.LibraryImportAttribute.SetLastError">
            <summary>
            Gets or sets whether the callee sets an error (SetLastError on Windows or errno
            on other platforms) before returning from the attributed method.
            </summary>
        </member>
        <member name="T:System.Runtime.InteropServices.StringMarshalling">
            <summary>
            Specifies how strings should be marshalled for generated p/invokes
            </summary>
        </member>
        <member name="F:System.Runtime.InteropServices.StringMarshalling.Custom">
            <summary>
            Indicates the user is suppling a specific marshaller in <see cref="P:System.Runtime.InteropServices.LibraryImportAttribute.StringMarshallingCustomType"/>.
            </summary>
        </member>
        <member name="F:System.Runtime.InteropServices.StringMarshalling.Utf8">
            <summary>
            Use the platform-provided UTF-8 marshaller.
            </summary>
        </member>
        <member name="F:System.Runtime.InteropServices.StringMarshalling.Utf16">
            <summary>
            Use the platform-provided UTF-16 marshaller.
            </summary>
        </member>
    </members>
</doc>
