<?xml version="1.0"?>
<doc>
    <assembly>
        <name>System.ServiceProcess.ServiceController</name>
    </assembly>
    <members>
        <member name="P:System.SR.ArgsCantBeNull">
            <summary>Arguments within the 'args' array passed to Start cannot be null.</summary>
        </member>
        <member name="P:System.SR.BadMachineName">
            <summary>MachineName '{0}' is invalid.</summary>
        </member>
        <member name="P:System.SR.CannotStart">
            <summary>Cannot start service '{0}' on computer '{1}'.</summary>
        </member>
        <member name="P:System.SR.InvalidEnumArgument">
            <summary>The value of argument '{0}' ({1}) is invalid for Enum type '{2}'.</summary>
        </member>
        <member name="P:System.SR.InvalidParameter">
            <summary>Invalid value '{1}' for parameter '{0}'.</summary>
        </member>
        <member name="P:System.SR.NoService">
            <summary>Service '{0}' was not found on computer '{1}'.</summary>
        </member>
        <member name="P:System.SR.OpenSC">
            <summary>Cannot open Service Control Manager on computer '{0}'. This operation might require other privileges.</summary>
        </member>
        <member name="P:System.SR.OpenService">
            <summary>Cannot open '{0}' service on computer '{1}'.</summary>
        </member>
        <member name="P:System.SR.PauseService">
            <summary>Cannot pause '{0}' service on computer '{1}'.</summary>
        </member>
        <member name="P:System.SR.ResumeService">
            <summary>Cannot resume '{0}' service on computer '{1}'.</summary>
        </member>
        <member name="P:System.SR.StopService">
            <summary>Cannot stop '{0}' service on computer '{1}'.</summary>
        </member>
        <member name="P:System.SR.Timeout">
            <summary>The operation requested for service '{0}' has not been completed within the specified time interval.</summary>
        </member>
        <member name="P:System.SR.PlatformNotSupported_ServiceController">
            <summary>ServiceController enables manipulating and accessing Windows services and it is not applicable for other operating systems.</summary>
        </member>
        <member name="P:System.SR.CannotChangeProperties">
            <summary>Cannot change CanStop, CanPauseAndContinue, CanShutdown, CanHandlePowerEvent, or CanHandleSessionChangeEvent property values after the service has been started.</summary>
        </member>
        <member name="P:System.SR.CannotChangeName">
            <summary>Cannot change service name when the service is running.</summary>
        </member>
        <member name="P:System.SR.ServiceName">
            <summary>Service name '{0}' contains invalid characters, is empty, or is too long (max length = {1}).</summary>
        </member>
        <member name="P:System.SR.NoServices">
            <summary>Service has not been supplied. At least one object derived from ServiceBase is required in order to run.</summary>
        </member>
        <member name="P:System.SR.CantStartFromCommandLine">
            <summary>Cannot start service from the command line or a debugger.  A Windows Service must first be installed and then started with the ServerExplorer, Windows Services Administrative tool or the NET START command.</summary>
        </member>
        <member name="P:System.SR.NotInPendingState">
            <summary>UpdatePendingStatus can only be called during the handling of Start, Stop, Pause and Continue commands.</summary>
        </member>
        <member name="P:System.SR.StartSuccessful">
            <summary>Service started successfully.</summary>
        </member>
        <member name="P:System.SR.StopSuccessful">
            <summary>Service stopped successfully.</summary>
        </member>
        <member name="P:System.SR.PauseSuccessful">
            <summary>Service paused successfully.</summary>
        </member>
        <member name="P:System.SR.ContinueSuccessful">
            <summary>Service continued successfully.</summary>
        </member>
        <member name="P:System.SR.CommandSuccessful">
            <summary>Service command was processed successfully.</summary>
        </member>
        <member name="P:System.SR.StartFailed">
            <summary>Service cannot be started. {0}</summary>
        </member>
        <member name="P:System.SR.StopFailed">
            <summary>Failed to stop service. {0}</summary>
        </member>
        <member name="P:System.SR.PauseFailed">
            <summary>Failed to pause service. {0}</summary>
        </member>
        <member name="P:System.SR.ContinueFailed">
            <summary>Failed to continue service. {0}</summary>
        </member>
        <member name="P:System.SR.SessionChangeFailed">
            <summary>Failed to process session change. {0}</summary>
        </member>
        <member name="P:System.SR.CommandFailed">
            <summary>Failed to process service command. {0}</summary>
        </member>
        <member name="P:System.SR.ShutdownOK">
            <summary>Service has been successfully shut down.</summary>
        </member>
        <member name="P:System.SR.ShutdownFailed">
            <summary>Failed to shut down service. The error that occurred was: {0}.</summary>
        </member>
        <member name="P:System.SR.PowerEventOK">
            <summary>PowerEvent handled successfully by the service.</summary>
        </member>
        <member name="P:System.SR.PowerEventFailed">
            <summary>Failed in handling the PowerEvent. The error that occurred was: {0}.</summary>
        </member>
        <member name="P:System.SR.ControlService">
            <summary>Cannot control '{0}' service on computer '{1}'.</summary>
        </member>
        <member name="T:System.Runtime.InteropServices.LibraryImportAttribute">
            <summary>
            Attribute used to indicate a source generator should create a function for marshalling
            arguments instead of relying on the runtime to generate an equivalent marshalling function at run-time.
            </summary>
            <remarks>
            This attribute is meaningless if the source generator associated with it is not enabled.
            The current built-in source generator only supports C# and only supplies an implementation when
            applied to static, partial, non-generic methods.
            </remarks>
        </member>
        <member name="M:System.Runtime.InteropServices.LibraryImportAttribute.#ctor(System.String)">
            <summary>
            Initializes a new instance of the <see cref="T:System.Runtime.InteropServices.LibraryImportAttribute"/>.
            </summary>
            <param name="libraryName">Name of the library containing the import.</param>
        </member>
        <member name="P:System.Runtime.InteropServices.LibraryImportAttribute.LibraryName">
            <summary>
            Gets the name of the library containing the import.
            </summary>
        </member>
        <member name="P:System.Runtime.InteropServices.LibraryImportAttribute.EntryPoint">
            <summary>
            Gets or sets the name of the entry point to be called.
            </summary>
        </member>
        <member name="P:System.Runtime.InteropServices.LibraryImportAttribute.StringMarshalling">
            <summary>
            Gets or sets how to marshal string arguments to the method.
            </summary>
            <remarks>
            If this field is set to a value other than <see cref="F:System.Runtime.InteropServices.StringMarshalling.Custom" />,
            <see cref="P:System.Runtime.InteropServices.LibraryImportAttribute.StringMarshallingCustomType" /> must not be specified.
            </remarks>
        </member>
        <member name="P:System.Runtime.InteropServices.LibraryImportAttribute.StringMarshallingCustomType">
            <summary>
            Gets or sets the <see cref="T:System.Type"/> used to control how string arguments to the method are marshalled.
            </summary>
            <remarks>
            If this field is specified, <see cref="P:System.Runtime.InteropServices.LibraryImportAttribute.StringMarshalling" /> must not be specified
            or must be set to <see cref="F:System.Runtime.InteropServices.StringMarshalling.Custom" />.
            </remarks>
        </member>
        <member name="P:System.Runtime.InteropServices.LibraryImportAttribute.SetLastError">
            <summary>
            Gets or sets whether the callee sets an error (SetLastError on Windows or errno
            on other platforms) before returning from the attributed method.
            </summary>
        </member>
        <member name="T:System.Runtime.InteropServices.StringMarshalling">
            <summary>
            Specifies how strings should be marshalled for generated p/invokes
            </summary>
        </member>
        <member name="F:System.Runtime.InteropServices.StringMarshalling.Custom">
            <summary>
            Indicates the user is suppling a specific marshaller in <see cref="P:System.Runtime.InteropServices.LibraryImportAttribute.StringMarshallingCustomType"/>.
            </summary>
        </member>
        <member name="F:System.Runtime.InteropServices.StringMarshalling.Utf8">
            <summary>
            Use the platform-provided UTF-8 marshaller.
            </summary>
        </member>
        <member name="F:System.Runtime.InteropServices.StringMarshalling.Utf16">
            <summary>
            Use the platform-provided UTF-16 marshaller.
            </summary>
        </member>
    </members>
</doc>
